{
  "means": {
    "A": {
      "ndcg3": 0.776216811039763,
      "hit1": 0.5088240867672292,
      "mass3": 0.8531133633731223,
      "js": 0.24104397029910346
    },
    "B": {
      "ndcg3": 0.7814611364622097,
      "hit1": 0.5176752576175483,
      "mass3": 0.85841292821386,
      "js": 0.24523320942660987
    },
    "BG": {
      "ndcg3": 0.7867785165085762,
      "hit1": 0.5302171962938992,
      "mass3": 0.8608008231615154,
      "js": 0.234585091582881
    },
    "BG_pr": {
      "ndcg3": 0.7841542000160902,
      "hit1": 0.5187602965462473,
      "mass3": 0.8589809398367945,
      "js": 0.23662567110291005
    },
    "BG_hub": {
      "ndcg3": 0.7832692899020112,
      "hit1": 0.5193842897645273,
      "mass3": 0.8598632257808384,
      "js": 0.239599739266959
    },
    "BG_net": {
      "ndcg3": 0.7862679181958604,
      "hit1": 0.5339718808494408,
      "mass3": 0.8598693631975474,
      "js": 0.24196789907912428
    },
    "BG_io": {
      "ndcg3": 0.7792067172805378,
      "hit1": 0.5196581908928084,
      "mass3": 0.8553152617701754,
      "js": 0.24581751846249908
    }
  },
  "comparisons": {
    "BG_vs_A": {
      "ndcg3": {
        "symbol_balanced_bootstrap": {
          "observed": 0.010561705468813075,
          "ci05": 0.00437872762754094,
          "ci95": 0.017315594583316087,
          "n_symbols": 17,
          "n_events": 9509
        }
      },
      "hit1": {
        "symbol_balanced_bootstrap": {
          "observed": 0.02139310952666986,
          "ci05": 0.00837796076865873,
          "ci95": 0.0362836517947398,
          "n_symbols": 17,
          "n_events": 9509
        }
      },
      "mass3": {
        "symbol_balanced_bootstrap": {
          "observed": 0.007687459788393112,
          "ci05": 0.0001725037584353765,
          "ci95": 0.015452923363895444,
          "n_symbols": 17,
          "n_events": 9509
        }
      },
      "js": {
        "symbol_balanced_bootstrap": {
          "observed": 0.006458878716222453,
          "ci05": 0.004418952193216002,
          "ci95": 0.008700584156122366,
          "n_symbols": 17,
          "n_events": 9509
        }
      }
    },
    "BG_vs_B": {
      "ndcg3": {
        "symbol_balanced_bootstrap": {
          "observed": 0.005317380046366389,
          "ci05": -0.0005041337012681319,
          "ci95": 0.01115583708496481,
          "n_symbols": 17,
          "n_events": 9509
        }
      },
      "hit1": {
        "symbol_balanced_bootstrap": {
          "observed": 0.012541938676350797,
          "ci05": -0.000910558754200992,
          "ci95": 0.02778683281794701,
          "n_symbols": 17,
          "n_events": 9509
        }
      },
      "mass3": {
        "symbol_balanced_bootstrap": {
          "observed": 0.002387894947655372,
          "ci05": -0.004696532197188438,
          "ci95": 0.009842724724317194,
          "n_symbols": 17,
          "n_events": 9509
        }
      },
      "js": {
        "symbol_balanced_bootstrap": {
          "observed": 0.010648117843728887,
          "ci05": 0.008579003321618327,
          "ci95": 0.012882650565609855,
          "n_symbols": 17,
          "n_events": 9509
        }
      }
    },
    "BG_pr_vs_B": {
      "ndcg3": {
        "symbol_balanced_bootstrap": {
          "observed": 0.0026930635538804483,
          "ci05": -0.0019907946510483087,
          "ci95": 0.0074301761319339925,
          "n_symbols": 17,
          "n_events": 9509
        }
      },
      "hit1": {
        "symbol_balanced_bootstrap": {
          "observed": 0.0010850389286990681,
          "ci05": -0.008385023113182587,
          "ci95": 0.01167015523273176,
          "n_symbols": 17,
          "n_events": 9509
        }
      },
      "mass3": {
        "symbol_balanced_bootstrap": {
          "observed": 0.0005680116229344169,
          "ci05": -0.005120889731513174,
          "ci95": 0.00651023252421721,
          "n_symbols": 17,
          "n_events": 9509
        }
      },
      "js": {
        "symbol_balanced_bootstrap": {
          "observed": 0.008607538323699813,
          "ci05": 0.007135527088419175,
          "ci95": 0.010115243108844908,
          "n_symbols": 17,
          "n_events": 9509
        }
      }
    },
    "BG_hub_vs_B": {
      "ndcg3": {
        "symbol_balanced_bootstrap": {
          "observed": 0.00180815343980142,
          "ci05": -0.003023855086219088,
          "ci95": 0.006542167533728513,
          "n_symbols": 17,
          "n_events": 9509
        }
      },
      "hit1": {
        "symbol_balanced_bootstrap": {
          "observed": 0.0017090321469790386,
          "ci05": -0.00868174935249509,
          "ci95": 0.01319257407903255,
          "n_symbols": 17,
          "n_events": 9509
        }
      },
      "mass3": {
        "symbol_balanced_bootstrap": {
          "observed": 0.0014502975669782876,
          "ci05": -0.0041909462681599275,
          "ci95": 0.007318850648466855,
          "n_symbols": 17,
          "n_events": 9509
        }
      },
      "js": {
        "symbol_balanced_bootstrap": {
          "observed": 0.005633470159650904,
          "ci05": 0.0032681003058349276,
          "ci95": 0.008287892812565936,
          "n_symbols": 17,
          "n_events": 9509
        }
      }
    },
    "BG_net_vs_B": {
      "ndcg3": {
        "symbol_balanced_bootstrap": {
          "observed": 0.004806781733650729,
          "ci05": -0.0009805934626155688,
          "ci95": 0.010264959139745188,
          "n_symbols": 17,
          "n_events": 9509
        }
      },
      "hit1": {
        "symbol_balanced_bootstrap": {
          "observed": 0.016296623231892585,
          "ci05": 0.003988615265502621,
          "ci95": 0.030134524298197473,
          "n_symbols": 17,
          "n_events": 9509
        }
      },
      "mass3": {
        "symbol_balanced_bootstrap": {
          "observed": 0.0014564349836873767,
          "ci05": -0.006627844569884399,
          "ci95": 0.009314958730782334,
          "n_symbols": 17,
          "n_events": 9509
        }
      },
      "js": {
        "symbol_balanced_bootstrap": {
          "observed": 0.0032653103474856358,
          "ci05": 0.0017553097282285073,
          "ci95": 0.00492792373161152,
          "n_symbols": 17,
          "n_events": 9509
        }
      }
    },
    "BG_io_vs_B": {
      "ndcg3": {
        "symbol_balanced_bootstrap": {
          "observed": -0.0022544191816719636,
          "ci05": -0.00726886382742588,
          "ci95": 0.0026421654422137983,
          "n_symbols": 17,
          "n_events": 9509
        }
      },
      "hit1": {
        "symbol_balanced_bootstrap": {
          "observed": 0.001982933275260237,
          "ci05": -0.009853817368669837,
          "ci95": 0.016041838717780265,
          "n_symbols": 17,
          "n_events": 9509
        }
      },
      "mass3": {
        "symbol_balanced_bootstrap": {
          "observed": -0.0030976664436846877,
          "ci05": -0.009338869620459649,
          "ci95": 0.0030854637560857627,
          "n_symbols": 17,
          "n_events": 9509
        }
      },
      "js": {
        "symbol_balanced_bootstrap": {
          "observed": -0.0005843090358891572,
          "ci05": -0.0019336731240143289,
          "ci95": 0.0008609957023110733,
          "n_symbols": 17,
          "n_events": 9509
        }
      }
    }
  },
  "elapsed_sec": 192.3762390613556
}