{
  "main_window": "25.6-26.6",
  "main_means": {
    "A_context": {
      "ndcg3": 0.8038811983777436,
      "hit1": 0.5235601250584436,
      "mass3": 0.8783095475795119,
      "js": 0.21627698410822568
    },
    "B_ctx+Ok": {
      "ndcg3": 0.8072913568176132,
      "hit1": 0.5422450217200417,
      "mass3": 0.8787937724657214,
      "js": 0.22856039709914427
    },
    "BG_gnet": {
      "ndcg3": 0.8104574247316351,
      "hit1": 0.5413917882650763,
      "mass3": 0.8827893615146911,
      "js": 0.2124958669530177
    },
    "BG_rate": {
      "ndcg3": 0.8150900412304507,
      "hit1": 0.5673267074367487,
      "mass3": 0.8829509293797129,
      "js": 0.22554073685145012
    }
  },
  "pooled_means": {
    "A_context": {
      "ndcg3": 0.776216811039763,
      "hit1": 0.5088240867672292,
      "mass3": 0.8531133633731223,
      "js": 0.24104397029910346
    },
    "B_ctx+Ok": {
      "ndcg3": 0.7814611364622097,
      "hit1": 0.5176752576175483,
      "mass3": 0.85841292821386,
      "js": 0.24523320942660987
    },
    "BG_gnet": {
      "ndcg3": 0.7793300151138072,
      "hit1": 0.5181342296090925,
      "mass3": 0.8553842837915426,
      "js": 0.2408342131796455
    },
    "BG_rate": {
      "ndcg3": 0.7862679181958604,
      "hit1": 0.5339718808494408,
      "mass3": 0.8598693631975474,
      "js": 0.24196789907912428
    }
  },
  "comparisons": {
    "BG_gnet_vs_B_ctx+Ok": {
      "ndcg3": {
        "symbol_balanced_bootstrap": {
          "observed": -0.00213112134840251,
          "ci05": -0.006937983098352046,
          "ci95": 0.0023913544261861173,
          "n_symbols": 17,
          "n_events": 9509
        }
      },
      "hit1": {
        "symbol_balanced_bootstrap": {
          "observed": 0.00045897199154423677,
          "ci05": -0.010839888226111918,
          "ci95": 0.011823930778186977,
          "n_symbols": 17,
          "n_events": 9509
        }
      },
      "mass3": {
        "symbol_balanced_bootstrap": {
          "observed": -0.0030286444223173756,
          "ci05": -0.010259504549805742,
          "ci95": 0.0026656098052179568,
          "n_symbols": 17,
          "n_events": 9509
        }
      },
      "js": {
        "symbol_balanced_bootstrap": {
          "observed": 0.004398996246964381,
          "ci05": 0.002962372011598459,
          "ci95": 0.005945646622238773,
          "n_symbols": 17,
          "n_events": 9509
        }
      }
    },
    "BG_rate_vs_B_ctx+Ok": {
      "ndcg3": {
        "symbol_balanced_bootstrap": {
          "observed": 0.004806781733650729,
          "ci05": -6.545085207051471e-05,
          "ci95": 0.009512406564321535,
          "n_symbols": 17,
          "n_events": 9509
        }
      },
      "hit1": {
        "symbol_balanced_bootstrap": {
          "observed": 0.016296623231892585,
          "ci05": 0.0059226757304960695,
          "ci95": 0.027435340434361837,
          "n_symbols": 17,
          "n_events": 9509
        }
      },
      "mass3": {
        "symbol_balanced_bootstrap": {
          "observed": 0.0014564349836873767,
          "ci05": -0.005225812262352397,
          "ci95": 0.008078566605942451,
          "n_symbols": 17,
          "n_events": 9509
        }
      },
      "js": {
        "symbol_balanced_bootstrap": {
          "observed": 0.0032653103474856358,
          "ci05": 0.0020004650387664114,
          "ci95": 0.004578554803356762,
          "n_symbols": 17,
          "n_events": 9509
        }
      }
    },
    "BG_rate_vs_BG_gnet": {
      "ndcg3": {
        "symbol_balanced_bootstrap": {
          "observed": 0.006937903082053239,
          "ci05": 0.002992366171575568,
          "ci95": 0.011101318149991019,
          "n_symbols": 17,
          "n_events": 9509
        }
      },
      "hit1": {
        "symbol_balanced_bootstrap": {
          "observed": 0.015837651240348347,
          "ci05": 0.005043169135944578,
          "ci95": 0.02655637924361523,
          "n_symbols": 17,
          "n_events": 9509
        }
      },
      "mass3": {
        "symbol_balanced_bootstrap": {
          "observed": 0.004485079406004754,
          "ci05": -0.00018353959093775823,
          "ci95": 0.009248545024772183,
          "n_symbols": 17,
          "n_events": 9509
        }
      },
      "js": {
        "symbol_balanced_bootstrap": {
          "observed": -0.0011336858994787443,
          "ci05": -0.0025216301308474422,
          "ci95": 0.00013260717072643586,
          "n_symbols": 17,
          "n_events": 9509
        }
      }
    },
    "BG_gnet_vs_A_context": {
      "ndcg3": {
        "symbol_balanced_bootstrap": {
          "observed": 0.003113204074044174,
          "ci05": -0.001700446258722391,
          "ci95": 0.007803937964700682,
          "n_symbols": 17,
          "n_events": 9509
        }
      },
      "hit1": {
        "symbol_balanced_bootstrap": {
          "observed": 0.0093101428418633,
          "ci05": -0.00209826972402925,
          "ci95": 0.020767878505683613,
          "n_symbols": 17,
          "n_events": 9509
        }
      },
      "mass3": {
        "symbol_balanced_bootstrap": {
          "observed": 0.0022709204184203635,
          "ci05": -0.002956856931073453,
          "ci95": 0.007512637902602484,
          "n_symbols": 17,
          "n_events": 9509
        }
      },
      "js": {
        "symbol_balanced_bootstrap": {
          "observed": 0.00020975711945794696,
          "ci05": -0.0011470796389161278,
          "ci95": 0.0016196971369517598,
          "n_symbols": 17,
          "n_events": 9509
        }
      }
    },
    "BG_rate_vs_A_context": {
      "ndcg3": {
        "symbol_balanced_bootstrap": {
          "observed": 0.010051107156097413,
          "ci05": 0.004829187702155162,
          "ci95": 0.015217901084148578,
          "n_symbols": 17,
          "n_events": 9509
        }
      },
      "hit1": {
        "symbol_balanced_bootstrap": {
          "observed": 0.025147794082211652,
          "ci05": 0.012832851481653546,
          "ci95": 0.0380025639616755,
          "n_symbols": 17,
          "n_events": 9509
        }
      },
      "mass3": {
        "symbol_balanced_bootstrap": {
          "observed": 0.006755999824425116,
          "ci05": 0.001149052833802355,
          "ci95": 0.012754842800323032,
          "n_symbols": 17,
          "n_events": 9509
        }
      },
      "js": {
        "symbol_balanced_bootstrap": {
          "observed": -0.0009239287800207975,
          "ci05": -0.0030435937592614443,
          "ci95": 0.0011551370488071641,
          "n_symbols": 17,
          "n_events": 9509
        }
      }
    }
  },
  "elapsed_sec": 121.93297600746155
}