{
  "q": 0.1,
  "window": "25.6-26.6",
  "split": "test",
  "n_test": 12489,
  "n_pos": 1249,
  "reach_threshold": 2062631.4,
  "results_global": {
    "ol": {
      "pr_auc": 0.28047466361976797,
      "roc_auc": 0.7805677994352778,
      "r_precision": 0.35708566853482787,
      "precision_at_50": 0.32,
      "lift_at_P": 3.5705707880956488,
      "n_pos": 1249,
      "base_rate": 0.10000800704620065
    },
    "no_ol": {
      "pr_auc": 0.2664290107512289,
      "roc_auc": 0.7557948850183349,
      "r_precision": 0.2978382706164932,
      "precision_at_50": 0.54,
      "lift_at_P": 2.9781442447793305,
      "n_pos": 1249,
      "base_rate": 0.10000800704620065
    },
    "lmart_ctxOk": {
      "pr_auc": 0.2578625249150085,
      "roc_auc": 0.7648747823881882,
      "r_precision": 0.32506004803843075,
      "precision_at_50": 0.32,
      "lift_at_P": 3.2503402241408823,
      "n_pos": 1249,
      "base_rate": 0.10000800704620065
    },
    "follower": {
      "pr_auc": 0.13258716808071555,
      "roc_auc": 0.6004498616686943,
      "r_precision": 0.11609287429943956,
      "precision_at_50": 0.24,
      "lift_at_P": 1.1608357943360295,
      "n_pos": 1249,
      "base_rate": 0.10000800704620065
    },
    "qwen3_4b": {
      "pr_auc": 0.24108430080045204,
      "roc_auc": 0.7108530240562557,
      "r_precision": 0.27301841473178545,
      "precision_at_50": 0.62,
      "lift_at_P": 2.7299655577143866,
      "n_pos": 1249,
      "base_rate": 0.10000800704620065
    },
    "bert_base": {
      "pr_auc": 0.23640008913089328,
      "roc_auc": 0.6947297695807892,
      "r_precision": 0.24499599679743794,
      "precision_at_50": 0.6,
      "lift_at_P": 2.4497638142539655,
      "n_pos": 1249,
      "base_rate": 0.10000800704620065
    },
    "finbert_encoder": {
      "pr_auc": 0.21719396889922535,
      "roc_auc": 0.6753858959053364,
      "r_precision": 0.255404323458767,
      "precision_at_50": 0.44,
      "lift_at_P": 2.5538387475392645,
      "n_pos": 1249,
      "base_rate": 0.10000800704620065
    },
    "e5_base": {
      "pr_auc": 0.21693881597720308,
      "roc_auc": 0.709367458379515,
      "r_precision": 0.24899919935948758,
      "precision_at_50": 0.5,
      "lift_at_P": 2.4897926347483113,
      "n_pos": 1249,
      "base_rate": 0.10000800704620065
    },
    "bge_base": {
      "pr_auc": 0.22343476429218254,
      "roc_auc": 0.7076559824371953,
      "r_precision": 0.2377902321857486,
      "precision_at_50": 0.58,
      "lift_at_P": 2.377711937364143,
      "n_pos": 1249,
      "base_rate": 0.10000800704620065
    },
    "e5_mistral_7b_instruct": {
      "pr_auc": 0.21035821532423343,
      "roc_auc": 0.6749585433471331,
      "r_precision": 0.24259407526020815,
      "precision_at_50": 0.56,
      "lift_at_P": 2.4257465219573575,
      "n_pos": 1249,
      "base_rate": 0.10000800704620065
    },
    "romero_ip": {
      "pr_auc": 0.0892547585714154,
      "roc_auc": 0.44455799515056893,
      "r_precision": 0.049639711769415534,
      "precision_at_50": 0.04,
      "lift_at_P": 0.49635737412988845,
      "n_pos": 1249,
      "base_rate": 0.10000800704620065
    },
    "yamada_src": {
      "pr_auc": 0.1457098876716289,
      "roc_auc": 0.6092487156985376,
      "r_precision": 0.1489191353082466,
      "precision_at_50": 0.1,
      "lift_at_P": 1.4890721223896652,
      "n_pos": 1249,
      "base_rate": 0.10000800704620065
    },
    "zhou_track": {
      "pr_auc": 0.1367989906216186,
      "roc_auc": 0.5980335870119583,
      "r_precision": 0.11449159327461969,
      "precision_at_50": 0.26,
      "lift_at_P": 1.144824266138291,
      "n_pos": 1249,
      "base_rate": 0.10000800704620065
    },
    "casms": {
      "pr_auc": 0.2891620313441474,
      "roc_auc": 0.7406814063350324,
      "r_precision": 0.33947157726180943,
      "precision_at_50": 0.62,
      "lift_at_P": 3.394443977920527,
      "n_pos": 1249,
      "base_rate": 0.10000800704620065
    },
    "deepseek": {
      "pr_auc": 0.12564251871840457,
      "roc_auc": 0.5757899201923816,
      "r_precision": 0.16172938350680544,
      "precision_at_50": 0.12,
      "lift_at_P": 1.6171643479715718,
      "n_pos": 1249,
      "base_rate": 0.10000800704620065
    },
    "gemma3_12b": {
      "pr_auc": 0.12574815834344397,
      "roc_auc": 0.5793412666075921,
      "r_precision": 0.15692554043234588,
      "precision_at_50": 0.2,
      "lift_at_P": 1.569129763378357,
      "n_pos": 1249,
      "base_rate": 0.10000800704620065
    },
    "qwen2_5_7b": {
      "pr_auc": 0.1025329614383927,
      "roc_auc": 0.5100251019320794,
      "r_precision": 0.10408326661329063,
      "precision_at_50": 0.2,
      "lift_at_P": 1.0407493328529918,
      "n_pos": 1249,
      "base_rate": 0.10000800704620065
    },
    "llama3_1_8b": {
      "pr_auc": 0.10284205112716038,
      "roc_auc": 0.5124567269473942,
      "r_precision": 0.11529223378702963,
      "precision_at_50": 0.12,
      "lift_at_P": 1.1528300302371601,
      "n_pos": 1249,
      "base_rate": 0.10000800704620065
    },
    "linear_ol": {
      "pr_auc": 0.15623706065603402,
      "roc_auc": 0.7024063734973743,
      "r_precision": 0.12810248198558846,
      "precision_at_50": 0.08,
      "lift_at_P": 1.2809222558190667,
      "n_pos": 1249,
      "base_rate": 0.10000800704620065
    },
    "random": {
      "pr_auc": 0.09931311006289603,
      "roc_auc": 0.5007716493479482,
      "r_precision": 0.09367493995196156,
      "precision_at_50": 0.12,
      "lift_at_P": 0.9366743995676926,
      "n_pos": 1249,
      "base_rate": 0.10000800704620065
    }
  },
  "results_per_symbol": {
    "ol": {
      "pr_auc": 0.35133294928903736,
      "roc_auc": 0.8163971549415128,
      "r_precision": 0.3512014582528675,
      "lift_at_P": 3.414715119370411,
      "n_symbols": 17
    },
    "no_ol": {
      "pr_auc": 0.34551436278275854,
      "roc_auc": 0.8068154950120364,
      "r_precision": 0.3527603935983094,
      "lift_at_P": 3.4240580766443496,
      "n_symbols": 17
    },
    "lmart_ctxOk": {
      "pr_auc": 0.3390029119619083,
      "roc_auc": 0.8071044854573182,
      "r_precision": 0.3397673580858254,
      "lift_at_P": 3.3067950217079396,
      "n_symbols": 17
    },
    "follower": {
      "pr_auc": 0.15159586136335812,
      "roc_auc": 0.597671648464769,
      "r_precision": 0.11236447590761428,
      "lift_at_P": 1.0959077346535444,
      "n_symbols": 17
    },
    "qwen3_4b": {
      "pr_auc": 0.26152546239668556,
      "roc_auc": 0.7270372384082725,
      "r_precision": 0.27503312827635246,
      "lift_at_P": 2.6900480170674377,
      "n_symbols": 17
    },
    "bert_base": {
      "pr_auc": 0.2751030617072858,
      "roc_auc": 0.7162883048070308,
      "r_precision": 0.27807406343490265,
      "lift_at_P": 2.722295296435065,
      "n_symbols": 17
    },
    "finbert_encoder": {
      "pr_auc": 0.2740005280581621,
      "roc_auc": 0.7041716924434099,
      "r_precision": 0.27235803900367533,
      "lift_at_P": 2.665550442816197,
      "n_symbols": 17
    },
    "e5_base": {
      "pr_auc": 0.2560765696382182,
      "roc_auc": 0.7320873480053364,
      "r_precision": 0.2693852936575816,
      "lift_at_P": 2.6300333215430087,
      "n_symbols": 17
    },
    "bge_base": {
      "pr_auc": 0.26637707683213957,
      "roc_auc": 0.7239648469156464,
      "r_precision": 0.2959082831096489,
      "lift_at_P": 2.872524217225041,
      "n_symbols": 17
    },
    "e5_mistral_7b_instruct": {
      "pr_auc": 0.26145638283473305,
      "roc_auc": 0.6989724150266928,
      "r_precision": 0.2717273155135118,
      "lift_at_P": 2.6449070689425516,
      "n_symbols": 17
    },
    "romero_ip": {
      "pr_auc": 0.10697870656603872,
      "roc_auc": 0.45207910197423534,
      "r_precision": 0.08984741588631073,
      "lift_at_P": 0.8796919723481191,
      "n_symbols": 17
    },
    "yamada_src": {
      "pr_auc": 0.19702542373195525,
      "roc_auc": 0.6594685072553041,
      "r_precision": 0.1908015728062108,
      "lift_at_P": 1.8744063464180678,