{
  "means": {
    "A": {
      "ndcg3": 0.7811517194431755,
      "hit1": 0.5142966628128596,
      "mass3": 0.8574779893820093,
      "js": 0.2367377246097357
    },
    "B": {
      "ndcg3": 0.7832758249066062,
      "hit1": 0.5173815562739119,
      "mass3": 0.8627709391092054,
      "js": 0.24166325324153756
    },
    "BG": {
      "ndcg3": 0.7861281381517201,
      "hit1": 0.5278206780391222,
      "mass3": 0.8603276905531327,
      "js": 0.2396041303170616
    },
    "BG_pr": {
      "ndcg3": 0.7806157334200504,
      "hit1": 0.5192684192186516,
      "mass3": 0.8571374877653353,
      "js": 0.2409670796931646
    },
    "BG_hub": {
      "ndcg3": 0.7787010050429892,
      "hit1": 0.5178212628255461,
      "mass3": 0.8542620933376255,
      "js": 0.24516742287792795
    },
    "BG_net": {
      "ndcg3": 0.7883053600225726,
      "hit1": 0.5277912763028147,
      "mass3": 0.8625130358561487,
      "js": 0.23445235131574826
    },
    "BG_io": {
      "ndcg3": 0.7811032116877454,
      "hit1": 0.5185932105104323,
      "mass3": 0.8556175167135568,
      "js": 0.242363182105773
    }
  },
  "comparisons": {
    "BG_vs_A": {
      "ndcg3": {
        "symbol_balanced_bootstrap": {
          "observed": 0.004976418708544894,
          "ci05": -0.0007522915662757553,
          "ci95": 0.010978524487705971,
          "n_symbols": 17,
          "n_events": 9509
        }
      },
      "hit1": {
        "symbol_balanced_bootstrap": {
          "observed": 0.013524015226262578,
          "ci05": -0.0003876248019032262,
          "ci95": 0.027853992126915347,
          "n_symbols": 17,
          "n_events": 9509
        }
      },
      "mass3": {
        "symbol_balanced_bootstrap": {
          "observed": 0.00284970117112349,
          "ci05": -0.0033967636058205744,
          "ci95": 0.008655613234595516,
          "n_symbols": 17,
          "n_events": 9509
        }
      },
      "js": {
        "symbol_balanced_bootstrap": {
          "observed": -0.0028664057073259173,
          "ci05": -0.004920064566587656,
          "ci95": -0.0007354804470272185,
          "n_symbols": 17,
          "n_events": 9509
        }
      }
    },
    "BG_vs_B": {
      "ndcg3": {
        "symbol_balanced_bootstrap": {
          "observed": 0.002852313245113987,
          "ci05": -0.0023901660662616966,
          "ci95": 0.008396897882182916,
          "n_symbols": 17,
          "n_events": 9509
        }
      },
      "hit1": {
        "symbol_balanced_bootstrap": {
          "observed": 0.010439121765210224,
          "ci05": -0.004163629951812332,
          "ci95": 0.025277403447683592,
          "n_symbols": 17,
          "n_events": 9509
        }
      },
      "mass3": {
        "symbol_balanced_bootstrap": {
          "observed": -0.002443248556072749,
          "ci05": -0.008200468020258539,
          "ci95": 0.0023549918061203214,
          "n_symbols": 17,
          "n_events": 9509
        }
      },
      "js": {
        "symbol_balanced_bootstrap": {
          "observed": 0.002059122924475929,
          "ci05": 0.0007009116566035041,
          "ci95": 0.0034164127355905873,
          "n_symbols": 17,
          "n_events": 9509
        }
      }
    },
    "BG_pr_vs_B": {
      "ndcg3": {
        "symbol_balanced_bootstrap": {
          "observed": -0.0026600914865558987,
          "ci05": -0.007298397524174768,
          "ci95": 0.0021914606820726498,
          "n_symbols": 17,
          "n_events": 9509
        }
      },
      "hit1": {
        "symbol_balanced_bootstrap": {
          "observed": 0.001886862944739547,
          "ci05": -0.00884213404334621,
          "ci95": 0.013850856649492718,
          "n_symbols": 17,
          "n_events": 9509
        }
      },
      "mass3": {
        "symbol_balanced_bootstrap": {
          "observed": -0.005633451343870255,
          "ci05": -0.01126319084252205,
          "ci95": 0.00022877595850618107,
          "n_symbols": 17,
          "n_events": 9509
        }
      },
      "js": {
        "symbol_balanced_bootstrap": {
          "observed": 0.0006961735483729979,
          "ci05": -0.0007976840893174278,
          "ci95": 0.0023571396525696995,
          "n_symbols": 17,
          "n_events": 9509
        }
      }
    },
    "BG_hub_vs_B": {
      "ndcg3": {
        "symbol_balanced_bootstrap": {
          "observed": -0.004574819863617039,
          "ci05": -0.01000124428537605,
          "ci95": 0.0007760352452098496,
          "n_symbols": 17,
          "n_events": 9509
        }
      },
      "hit1": {
        "symbol_balanced_bootstrap": {
          "observed": 0.00043970655163412005,
          "ci05": -0.011632119696850428,
          "ci95": 0.013233711097918145,
          "n_symbols": 17,
          "n_events": 9509
        }
      },
      "mass3": {
        "symbol_balanced_bootstrap": {
          "observed": -0.008508845771580006,
          "ci05": -0.01507765824569153,
          "ci95": -0.0022589309266211367,
          "n_symbols": 17,
          "n_events": 9509
        }
      },
      "js": {
        "symbol_balanced_bootstrap": {
          "observed": -0.0035041696363903897,
          "ci05": -0.0057677091896007745,
          "ci95": -0.0009682734800367461,
          "n_symbols": 17,
          "n_events": 9509
        }
      }
    },
    "BG_net_vs_B": {
      "ndcg3": {
        "symbol_balanced_bootstrap": {
          "observed": 0.005029535115966267,
          "ci05": -0.00029316650364417604,
          "ci95": 0.010607348655720703,
          "n_symbols": 17,
          "n_events": 9509
        }
      },
      "hit1": {
        "symbol_balanced_bootstrap": {
          "observed": 0.010409720028902732,
          "ci05": -0.004500791587821285,
          "ci95": 0.02659639712816992,
          "n_symbols": 17,
          "n_events": 9509
        }
      },
      "mass3": {
        "symbol_balanced_bootstrap": {
          "observed": -0.0002579032530568495,
          "ci05": -0.006266485029851151,
          "ci95": 0.005899227785922254,
          "n_symbols": 17,
          "n_events": 9509
        }
      },
      "js": {
        "symbol_balanced_bootstrap": {
          "observed": 0.007210901925789306,
          "ci05": 0.005311443114729128,
          "ci95": 0.009223882096403827,
          "n_symbols": 17,
          "n_events": 9509
        }
      }
    },
    "BG_io_vs_B": {
      "ndcg3": {
        "symbol_balanced_bootstrap": {
          "observed": -0.0021726132188609323,
          "ci05": -0.008172021622541875,
          "ci95": 0.0036798587790471187,
          "n_symbols": 17,
          "n_events": 9509
        }
      },
      "hit1": {
        "symbol_balanced_bootstrap": {
          "observed": 0.0012116542365203423,
          "ci05": -0.012265516960602458,
          "ci95": 0.016373516641979054,
          "n_symbols": 17,
          "n_events": 9509
        }
      },
      "mass3": {
        "symbol_balanced_bootstrap": {
          "observed": -0.007153422395648738,
          "ci05": -0.013768097691556175,
          "ci95": -0.0018243715884800804,
          "n_symbols": 17,
          "n_events": 9509
        }
      },
      "js": {
        "symbol_balanced_bootstrap": {
          "observed": -0.000699928864235505,
          "ci05": -0.0031150877133332496,
          "ci95": 0.0019113197962702555,
          "n_symbols": 17,
          "n_events": 9509
        }
      }
    }
  },
  "elapsed_sec": 218.7771701812744
}