{
  "part1": {
    "romero_ip": {
      "ndcg3": 0.5572796509637148,
      "hit1": 0.23904457107769805,
      "mass3": 0.6761743840004302,
      "js": 0.3167209401328771
    },
    "yamada_src": {
      "ndcg3": 0.6795616823953753,
      "hit1": 0.38682861789179934,
      "mass3": 0.7875289501240507,
      "js": 0.30275140671672424
    },
    "zhou_track": {
      "ndcg3": 0.6823259303110033,
      "hit1": 0.39263669684456926,
      "mass3": 0.7790626208691679,
      "js": 0.3048875760962886
    },
    "origin_ol": {
      "ndcg3": 0.5543537049649853,
      "hit1": 0.2508654540385531,
      "mass3": 0.691645382855765,
      "js": 0.40745785144828706
    },
    "g_net": {
      "ndcg3": 0.6040579251243975,
      "hit1": 0.2872734486738246,
      "mass3": 0.730329703963457,
      "js": 0.4556144543877387
    }
  },
  "part2_means": {
    "A_context": {
      "ndcg3": 0.7811517194431755,
      "hit1": 0.5142966628128596,
      "mass3": 0.8574779893820093,
      "js": 0.2367377246097357
    },
    "ours_Ok_gnet": {
      "ndcg3": 0.7883053600225726,
      "hit1": 0.5277912763028147,
      "mass3": 0.8625130358561487,
      "js": 0.23445235131574826
    },
    "ctx_romero": {
      "ndcg3": 0.7790643809906541,
      "hit1": 0.5131169438621008,
      "mass3": 0.8562716043892468,
      "js": 0.23912996056722874
    }
  },
  "comparisons": {
    "ours_Ok_gnet_vs_A_context": {
      "ndcg3": {
        "symbol_balanced_bootstrap": {
          "observed": 0.0071536405793971745,
          "ci05": 0.0021207183891663634,
          "ci95": 0.012444584039601981,
          "n_symbols": 17,
          "n_events": 9509
        }
      },
      "hit1": {
        "symbol_balanced_bootstrap": {
          "observed": 0.013494613489955086,
          "ci05": 6.575655535029526e-05,
          "ci95": 0.027884620386810652,
          "n_symbols": 17,
          "n_events": 9509
        }
      },
      "mass3": {
        "symbol_balanced_bootstrap": {
          "observed": 0.005035046474139389,
          "ci05": -0.0013625577245139676,
          "ci95": 0.01134319011054729,
          "n_symbols": 17,
          "n_events": 9509
        }
      },
      "js": {
        "symbol_balanced_bootstrap": {
          "observed": 0.0022853732939874596,
          "ci05": 0.0009153357054781554,
          "ci95": 0.0037582701071106417,
          "n_symbols": 17,
          "n_events": 9509
        }
      }
    },
    "ctx_romero_vs_A_context": {
      "ndcg3": {
        "symbol_balanced_bootstrap": {
          "observed": -0.0020873384525213075,
          "ci05": -0.004352283786611475,
          "ci95": 0.0001475004792316015,
          "n_symbols": 17,
          "n_events": 9509
        }
      },
      "hit1": {
        "symbol_balanced_bootstrap": {
          "observed": -0.001179718950758704,
          "ci05": -0.006473071615703758,
          "ci95": 0.004400766689021897,
          "n_symbols": 17,
          "n_events": 9509
        }
      },
      "mass3": {
        "symbol_balanced_bootstrap": {
          "observed": -0.0012063849927624395,
          "ci05": -0.0030904402383257787,
          "ci95": 0.0006215477008492407,
          "n_symbols": 17,
          "n_events": 9509
        }
      },
      "js": {
        "symbol_balanced_bootstrap": {
          "observed": -0.002392235957493037,
          "ci05": -0.0031974049668517294,
          "ci95": -0.0017106413814796763,
          "n_symbols": 17,
          "n_events": 9509
        }
      }
    },
    "ours_Ok_gnet_vs_ctx_romero": {
      "ndcg3": {
        "symbol_balanced_bootstrap": {
          "observed": 0.009240979031918483,
          "ci05": 0.0038677156145731743,
          "ci95": 0.014644530378347256,
          "n_symbols": 17,
          "n_events": 9509
        }
      },
      "hit1": {
        "symbol_balanced_bootstrap": {
          "observed": 0.01467433244071379,
          "ci05": 0.0026727304093648366,
          "ci95": 0.02812724988633871,
          "n_symbols": 17,
          "n_events": 9509
        }
      },
      "mass3": {
        "symbol_balanced_bootstrap": {
          "observed": 0.006241431466901828,
          "ci05": -0.0003190392117623492,
          "ci95": 0.013292014733114789,
          "n_symbols": 17,
          "n_events": 9509
        }
      },
      "js": {
        "symbol_balanced_bootstrap": {
          "observed": 0.004677609251480496,
          "ci05": 0.003364865313508529,
          "ci95": 0.006140585292300227,
          "n_symbols": 17,
          "n_events": 9509
        }
      }
    }
  }
}