{
  "Qwen-only (text)": {
    "ndcg3": 0.7191013643094789,
    "hit1": 0.4611153265064797,
    "mass3": 0.8124773370011615,
    "js": 0.2654381384660677
  },
  "node2vec-only (graph pos)": {
    "ndcg3": 0.49384559409668105,
    "hit1": 0.208233375111037,
    "mass3": 0.6287442391994547,
    "js": 0.3235617317430993
  },
  "CasMS-style (text+node2vec)": {
    "ndcg3": 0.6949099835097017,
    "hit1": 0.42854993120566803,
    "mass3": 0.7939052000598096,
    "js": 0.2707002853891238
  },
  "ours {context+O_k+g_net}": {
    "ndcg3": 0.8130026906127409,
    "hit1": 0.5515213146941548,
    "mass3": 0.8775872881516537,
    "js": 0.21092331614981027
  }
}