{
  "task": "latency_quality_frontier",
  "setting": "thr0.55_first10",
  "target": "log_future_reach",
  "latency_note": "Local methods use batch-amortized scoring latency from Phase31; commercial API methods use batch-size-10 per-query wall-clock latency from Phase32.",
  "excluded": {
    "gemma3_12b_origin": "Excluded because the full run was parse/cache unstable and only partial coverage was available."
  },
  "ol_origin_latency_ms_per_query": 0.0015863131557125598,
  "rows": [
    {
      "family": "Scale",
      "method": "Follower",
      "source_key": "followers",
      "events": 785,
      "symbols": 16,
      "ndcg3": 0.7235572589602018,
      "hit1": 0.4773235975942809,
      "mass3": 0.8697372536526953,
      "js": 0.2922324328583614,
      "input_len": 0.0,
      "input_kind": "tokens",
      "latency_ms_per_query": 0.0003927271366895487,
      "latency_source": "batch_amortized_local",
      "latency_multiple_vs_ol": 0.2475722623085343,
      "ndcg_delta_vs_ol": -0.031548661151956536,
      "hit_delta_vs_ol": -0.01609302181670974,
      "js_delta_vs_ol": 0.029612510848790463,
      "qps": 2546297.178314167,
      "seconds_per_1k_queries": 0.0003927271366895487,
      "ndcg_per_ms": 1842.3918068390951,
      "pareto_ndcg3": true,
      "pareto_hit1": true,
      "pareto_js": true
    },
    {
      "family": "Scale",
      "method": "Visibility",
      "source_key": "visibility",
      "events": 785,
      "symbols": 16,
      "ndcg3": 0.7233918682639913,
      "hit1": 0.4773235975942809,
      "mass3": 0.8695440459732222,
      "js": 0.292145823104621,
      "input_len": 0.0,
      "input_kind": "tokens",
      "latency_ms_per_query": 0.0004700083566907172,
      "latency_source": "batch_amortized_local",
      "latency_multiple_vs_ol": 0.296289767879781,
      "ndcg_delta_vs_ol": -0.03171405184816711,
      "hit_delta_vs_ol": -0.01609302181670974,
      "js_delta_vs_ol": 0.029525901095050044,
      "qps": 2127621.7449427964,
      "seconds_per_1k_queries": 0.0004700083566907172,
      "ndcg_per_ms": 1539.1042690332627,
      "pareto_ndcg3": false,
      "pareto_hit1": false,
      "pareto_js": true
    },
    {
      "family": "Context",
      "method": "History",
      "source_key": "history",
      "events": 785,
      "symbols": 16,
      "ndcg3": 0.6324834416511846,
      "hit1": 0.33865053523071365,
      "mass3": 0.8112294510433635,
      "js": 0.3225183572536893,
      "input_len": 0.0,
      "input_kind": "tokens",
      "latency_ms_per_query": 0.0005528445520515864,
      "latency_source": "batch_amortized_local",
      "latency_multiple_vs_ol": 0.34850908854957635,
      "ndcg_delta_vs_ol": -0.12262247846097374,
      "hit_delta_vs_ol": -0.15476608418027699,
      "js_delta_vs_ol": 0.059898435244118364,
      "qps": 1808826.7240565827,
      "seconds_per_1k_queries": 0.0005528445520515864,
      "ndcg_per_ms": 1144.052951781945,
      "pareto_ndcg3": false,
      "pareto_hit1": false,
      "pareto_js": false
    },
    {
      "family": "Context",
      "method": "No-OL Strong",
      "source_key": "no_ol_strong",
      "events": 785,
      "symbols": 16,
      "ndcg3": 0.7119674185577729,
      "hit1": 0.42134124519962624,
      "mass3": 0.890530137925584,
      "js": 0.30127079842331006,
      "input_len": 0.0,
      "input_kind": "tokens",
      "latency_ms_per_query": 0.0013181066969991662,
      "latency_source": "batch_amortized_local",
      "latency_multiple_vs_ol": 0.8309246457753057,
      "ndcg_delta_vs_ol": -0.04313850155438548,
      "hit_delta_vs_ol": -0.0720753742113644,
      "js_delta_vs_ol": 0.0386508764137391,
      "qps": 758663.9247616482,
      "seconds_per_1k_queries": 0.0013181066969991662,
      "ndcg_per_ms": 540.1439960654591,
      "pareto_ndcg3": false,
      "pareto_hit1": false,
      "pareto_js": false
    },
    {
      "family": "Context",
      "method": "Novelty",
      "source_key": "novelty",
      "events": 785,
      "symbols": 16,
      "ndcg3": 0.6725949214759315,
      "hit1": 0.3621158187495377,
      "mass3": 0.8571340880805677,
      "js": 0.3278864574156021,
      "input_len": 0.0,
      "input_kind": "tokens",
      "latency_ms_per_query": 0.0004728253649470086,
      "latency_source": "batch_amortized_local",
      "latency_multiple_vs_ol": 0.2980655889061319,
      "ndcg_delta_vs_ol": -0.0825109986362269,
      "hit_delta_vs_ol": -0.13130080066145294,
      "js_delta_vs_ol": 0.06526653540603111,
      "qps": 2114945.7582760477,
      "seconds_per_1k_queries": 0.0004728253649470086,
      "ndcg_per_ms": 1422.5017762135326,
      "pareto_ndcg3": false,
      "pareto_hit1": false,
      "pareto_js": false
    },
    {
      "family": "Context",
      "method": "Rank/Time",
      "source_key": "rank_time",
      "events": 785,
      "symbols": 16,
      "ndcg3": 0.6784181951488077,
      "hit1": 0.3723660055882272,
      "mass3": 0.8724245025121704,
      "js": 0.32008680651772,
      "input_len": 0.0,
      "input_kind": "tokens",
      "latency_ms_per_query": 0.000552416980402389,
      "latency_source": "batch_amortized_local",
      "latency_multiple_vs_ol": 0.3482395505660718,
      "ndcg_delta_vs_ol": -0.07668772496335063,
      "hit_delta_vs_ol": -0.12105061382276344,
      "js_delta_vs_ol": 0.05746688450814902,
      "qps": 1810226.7589087952,
      "seconds_per_1k_queries": 0.000552416980402389,
      "ndcg_per_ms": 1228.0907705889808,
      "pareto_ndcg3": false,
      "pareto_hit1": false,
      "pareto_js": false
    },
    {
      "family": "Context",
      "method": "Sentiment",
      "source_key": "sentiment",
      "events": 785,
      "symbols": 16,
      "ndcg3": 0.6905273726252168,
      "hit1": 0.42673919480295774,
      "mass3": 0.8448066643535409,
      "js": 0.31383402514040554,
      "input_len": 0.0,
      "input_kind": "tokens",
      "latency_ms_per_query": 0.0004741989566052022,
      "latency_source": "batch_amortized_local",
      "latency_multiple_vs_ol": 0.2989314908582446,
      "ndcg_delta_vs_ol": -0.06457854748694158,
      "hit_delta_vs_ol": -0.06667742460803289,
      "js_delta_vs_ol": 0.051214103130834576,
      "qps": 2108819.4861477884,
      "seconds_per_1k_queries": 0.0004741989566052022,
      "ndcg_per_ms": 1456.1975791104921,
      "pareto_ndcg3": false,
      "pareto_hit1": false,
      "pareto_js": false
    },
    {
      "family": "Origin Role",
      "method": "OL Only",
      "source_key": "ol_only",
      "events": 785,
      "symbols": 16,
      "ndcg3": 0.64984433550803,
      "hit1": 0.2919912680945271,
      "mass3": 0.8543015882176574,
      "js": 0.3141675732022666,
      "input_len": 0.0,
      "input_kind": "tokens",
      "latency_ms_per_query": 0.00039448841562261805,
      "latency_source": "batch_amortized_local",
      "latency_multiple_vs_ol": 0.24868255943160028,
      "ndcg_delta_vs_ol": -0.10526158460412838,
      "hit_delta_vs_ol": -0.20142535131646355,
      "js_delta_vs_ol": 0.051547651192695665,
      "qps": 2534928.6833219365,
      "seconds_per_1k_queries": 0.00039448841562261805,
      "ndcg_per_ms": 1647.309045773589,
      "pareto_ndcg3": false,
      "pareto_hit1": false,
      "pareto_js": false
    },
    {
      "family": "Origin Role",
      "method": "OL-Origin",
      "source_key": "ol_origin",
      "events": 785,
      "symbols": 16,
      "ndcg3": 0.7551059201121584,
      "hit1": 0.49341661941099063,
      "mass3": 0.9012450002207433,
      "js": 0.26261992200957096,
      "input_len": 0.0,
      "input_kind": "tokens",
      "latency_ms_per_query": 0.0015863131557125598,
      "latency_source": "batch_amortized_local",
      "latency_multiple_vs_ol": 1.0,
      "ndcg_delta_vs_ol": 0.0,
      "hit_delta_vs_ol": 0.0,
      "js_delta_vs_ol": 0.0,
      "qps": 630392.5529450757,
      "seconds_per_1k_queries": 0.0015863131557125598,
      "ndcg_per_ms": 476.0131487234439,
      "pareto_ndcg3": true,
      "pareto_hit1": true,