{
  "means": {
    "A_context": {
      "ndcg3": 0.7811517194431755,
      "hit1": 0.5142966628128596,
      "mass3": 0.8574779893820093,
      "js": 0.2367377246097357
    },
    "B_ctx+Ok": {
      "ndcg3": 0.7832758249066062,
      "hit1": 0.5173815562739119,
      "mass3": 0.8627709391092054,
      "js": 0.24166325324153756
    },
    "B2_ctx+Ok+rel": {
      "ndcg3": 0.7792654839390804,
      "hit1": 0.5193413145708391,
      "mass3": 0.855406588312941,
      "js": 0.24672664149356763
    },
    "C_ctx+shuf+shufrel": {
      "ndcg3": 0.7733765159055173,
      "hit1": 0.5104529297431717,
      "mass3": 0.8506567042018315,
      "js": 0.24134740051149245
    }
  },
  "comparisons": {
    "B2_ctx+Ok+rel_vs_A_context": {
      "ndcg3": {
        "symbol_balanced_bootstrap": {
          "observed": -0.0018862355040950198,
          "ci05": -0.006356090091250842,
          "ci95": 0.0028589063588804454,
          "n_symbols": 17,
          "n_events": 9509
        }
      },
      "hit1": {
        "symbol_balanced_bootstrap": {
          "observed": 0.005044651757979599,
          "ci05": -0.007311915936527076,
          "ci95": 0.017788832232300458,
          "n_symbols": 17,
          "n_events": 9509
        }
      },
      "mass3": {
        "symbol_balanced_bootstrap": {
          "observed": -0.0020714010690681757,
          "ci05": -0.00801404657034128,
          "ci95": 0.003966071879324408,
          "n_symbols": 17,
          "n_events": 9509
        }
      },
      "js": {
        "symbol_balanced_bootstrap": {
          "observed": -0.009988916883831944,
          "ci05": -0.012008056997023408,
          "ci95": -0.008038531624319301,
          "n_symbols": 17,
          "n_events": 9509
        }
      }
    },
    "B2_ctx+Ok+rel_vs_B_ctx+Ok": {
      "ndcg3": {
        "symbol_balanced_bootstrap": {
          "observed": -0.004010340967525927,
          "ci05": -0.008013128027935199,
          "ci95": -6.205857017815787e-05,
          "n_symbols": 17,
          "n_events": 9509
        }
      },
      "hit1": {
        "symbol_balanced_bootstrap": {
          "observed": 0.001959758296927246,
          "ci05": -0.009574843508345298,
          "ci95": 0.013755153023932374,
          "n_symbols": 17,
          "n_events": 9509
        }
      },
      "mass3": {
        "symbol_balanced_bootstrap": {
          "observed": -0.007364350796264415,
          "ci05": -0.012224764104207368,
          "ci95": -0.0024221616324794676,
          "n_symbols": 17,
          "n_events": 9509
        }
      },
      "js": {
        "symbol_balanced_bootstrap": {
          "observed": -0.0050633882520300984,
          "ci05": -0.0060468323867911775,
          "ci95": -0.004074115724922757,
          "n_symbols": 17,
          "n_events": 9509
        }
      }
    },
    "B2_ctx+Ok+rel_vs_C_ctx+shuf+shufrel": {
      "ndcg3": {
        "symbol_balanced_bootstrap": {
          "observed": 0.005888968033563043,
          "ci05": -0.00014044722615312623,
          "ci95": 0.011891883983008908,
          "n_symbols": 17,
          "n_events": 9509
        }
      },
      "hit1": {
        "symbol_balanced_bootstrap": {
          "observed": 0.008888384827667465,
          "ci05": -0.003071045394012172,
          "ci95": 0.021758979981209004,
          "n_symbols": 17,
          "n_events": 9509
        }
      },
      "mass3": {
        "symbol_balanced_bootstrap": {
          "observed": 0.004749884111109569,
          "ci05": -0.0022409103283973697,
          "ci95": 0.0124024802331729,
          "n_symbols": 17,
          "n_events": 9509
        }
      },
      "js": {
        "symbol_balanced_bootstrap": {
          "observed": -0.005379240982075203,
          "ci05": -0.007290690559884392,
          "ci95": -0.0036020156769476105,
          "n_symbols": 17,
          "n_events": 9509
        }
      }
    }
  },
  "elapsed_sec": 171.79308462142944
}